account_id,account_type,ifsc,kyc_risk,age_days,dormant_days,name
ACC-00000,CURRENT,UBIN0877572,LOW,944,4,Usha Patel
ACC-00001,CURRENT,SBIN0719176,LOW,152,2,Rajesh Yadav
ACC-00002,SAVINGS,UBIN0688508,LOW,2691,22,Neha Rao
ACC-00003,SAVINGS,PUNB0948749,MEDIUM,3138,25,Anita Rao
ACC-00004,SAVINGS,HDFC0325772,HIGH,1408,3,Rahul Chauhan
ACC-00005,SAVINGS,BKID0733052,LOW,207,23,Ravi Patel
ACC-00006,LOAN,CNRB0182627,LOW,3427,20,Ritu Dubey
ACC-00007,CURRENT,SBIN0148050,MEDIUM,3196,9,Rahul Yadav
ACC-00008,SALARY,CNRB0391476,LOW,3446,11,Anita Dubey
ACC-00009,SAVINGS,PUNB0835911,HIGH,2684,2,Ritu Kumar
ACC-00010,SAVINGS,ICIC0271339,LOW,1135,29,Ashok Yadav
ACC-00011,CURRENT,UBIN0340174,MEDIUM,3327,10,Nitin Mishra
ACC-00012,SAVINGS,BKID0322955,MEDIUM,1650,28,Ashok Nair
ACC-00013,SAVINGS,HDFC0358607,MEDIUM,2237,8,Usha Rao
ACC-00014,SALARY,CNRB0479580,LOW,596,16,Deepa Singh
ACC-00015,CURRENT,SBIN0260265,LOW,3274,21,Pooja Singh
ACC-00016,SAVINGS,BARB0654816,LOW,2296,27,Amit Patel
ACC-00017,CURRENT,PUNB0905934,LOW,486,9,Pooja Kumar
ACC-00018,SAVINGS,PUNB0624902,MEDIUM,2109,29,Sunita Tiwari
ACC-00019,SALARY,ICIC0260263,LOW,691,17,Manoj Sharma
ACC-00020,CURRENT,BARB0120422,LOW,1516,28,Meena Yadav
ACC-00021,SAVINGS,SBIN0189814,MEDIUM,3372,2,Neha Gupta
ACC-00022,SAVINGS,BARB0676510,LOW,2191,27,Ritu Rao
ACC-00023,LOAN,ICIC0847581,LOW,2781,20,Geeta Nair
ACC-00024,SALARY,BARB0226882,LOW,292,10,Amit Yadav
ACC-00025,CURRENT,UBIN0174441,MEDIUM,271,7,Rahul Verma
ACC-00026,SALARY,SBIN0639131,LOW,2770,15,Rajesh Gupta
ACC-00027,CURRENT,BARB0354801,MEDIUM,3337,13,Rajesh Patel
ACC-00028,SAVINGS,CNRB0471507,LOW,1942,27,Usha Verma
ACC-00029,CURRENT,SBIN0163556,LOW,1419,25,Sunita Yadav
ACC-00030,SAVINGS,BARB0246991,LOW,1170,14,Kavita Singh
ACC-00031,SAVINGS,SBIN0153045,MEDIUM,2244,26,Amit Singh
ACC-00032,SALARY,ICIC0274389,LOW,2001,6,Nitin Verma
ACC-00033,SAVINGS,UBIN0509386,LOW,3241,25,Ravi Tiwari
ACC-00034,SAVINGS,BARB0262316,LOW,921,30,Priya Verma
ACC-00035,CURRENT,UBIN0152578,LOW,2089,29,Manoj Kumar
ACC-00036,SAVINGS,SBIN0992697,LOW,2467,2,Shweta Yadav
ACC-00037,SAVINGS,ICIC0707040,LOW,2566,2,Pooja Pandey
ACC-00038,SALARY,ICIC0802258,MEDIUM,1007,8,Nitin Gupta
ACC-00039,CURRENT,PUNB0579434,LOW,3109,29,Rahul Sharma
ACC-00040,SAVINGS,SBIN0176819,LOW,2102,8,Vikram Dubey
ACC-00041,SALARY,ICIC0487477,LOW,1824,26,Neha Tiwari
ACC-00042,CURRENT,UBIN0800305,MEDIUM,1256,29,Shweta Patel
ACC-00043,SALARY,HDFC0377312,LOW,468,23,Neha Gupta
ACC-00044,SAVINGS,ICIC0852470,LOW,2845,20,Suresh Mehta
ACC-00045,SAVINGS,UBIN0196781,LOW,3427,8,Priya Sharma
ACC-00046,SAVINGS,HDFC0768061,HIGH,691,23,Ravi Rao
ACC-00047,CURRENT,SBIN0178898,HIGH,2860,28,Vikram Verma
ACC-00048,SALARY,HDFC0550664,LOW,1292,11,Priya Dubey
ACC-00049,SAVINGS,ICIC0799330,LOW,3225,17,Pooja Gupta
ACC-00050,SALARY,ICIC0270395,HIGH,3350,5,Pooja Sharma
ACC-00051,SAVINGS,BKID0920391,HIGH,3315,21,Usha Yadav
ACC-00052,SAVINGS,SBIN0501124,MEDIUM,3546,15,Kavita Joshi
ACC-00053,SALARY,BARB0466643,LOW,3287,27,Kavita Yadav
ACC-00054,SAVINGS,ICIC0517821,LOW,3570,2,Suresh Dubey
ACC-00055,CURRENT,CNRB0812526,HIGH,2226,10,Amit Patel
ACC-00056,SALARY,PUNB0287241,LOW,1117,1,Sunita Rao
ACC-00057,SAVINGS,BKID0557592,LOW,2124,3,Nitin Joshi
ACC-00058,SAVINGS,CNRB0101773,LOW,3333,17,Shweta Joshi
ACC-00059,SAVINGS,SBIN0796503,HIGH,2582,10,Shweta Patel
ACC-00060,CURRENT,PUNB0631756,LOW,1702,10,Nitin Tiwari
ACC-00061,CURRENT,ICIC0540869,MEDIUM,1582,21,Usha Kumar
ACC-00062,CURRENT,PUNB0525800,LOW,31,9,Meena Joshi
ACC-00063,SAVINGS,BKID0587575,LOW,2797,6,Manoj Mehta
ACC-00064,CURRENT,HDFC0790855,LOW,2141,21,Ashok Pandey
ACC-00065,SAVINGS,ICIC0805477,LOW,3333,6,Vikram Sharma
ACC-00066,SAVINGS,BARB0740967,MEDIUM,328,14,Pooja Joshi
ACC-00067,CURRENT,CNRB0618392,LOW,634,20,Dinesh Sharma
ACC-00068,SALARY,SBIN0916232,LOW,750,25,Dinesh Nair
ACC-00069,SAVINGS,ICIC0989545,LOW,576,25,Ravi Pandey
ACC-00070,LOAN,BARB0742412,MEDIUM,2097,13,Neha Nair
ACC-00071,SALARY,BARB0571932,LOW,1042,26,Ashok Mishra
ACC-00072,CURRENT,BARB0757193,LOW,1831,2,Dinesh Tiwari
ACC-00073,SAVINGS,BKID0435239,MEDIUM,360,4,Vikram Yadav
ACC-00074,SAVINGS,HDFC0840734,LOW,1729,13,Arun Nair
ACC-00075,SAVINGS,ICIC0973349,LOW,3183,18,Dinesh Sharma
ACC-00076,SALARY,CNRB0600149,LOW,1470,9,Nitin Rao
ACC-00077,SAVINGS,ICIC0611945,LOW,1815,15,Amit Chauhan
ACC-00078,SAVINGS,CNRB0859359,LOW,1944,29,Vikram Sharma
ACC-00079,SALARY,UBIN0188025,LOW,585,27,Ravi Kumar
ACC-00080,SAVINGS,CNRB0443254,LOW,1368,10,Nitin Mishra
ACC-00081,CURRENT,CNRB0364525,MEDIUM,1956,0,Usha Verma
ACC-00082,LOAN,BKID0335113,MEDIUM,3229,30,Ashok Verma
ACC-00083,CURRENT,ICIC0309044,MEDIUM,2574,4,Kavita Gupta
ACC-00084,SAVINGS,SBIN0691364,HIGH,1934,22,Suresh Dubey
ACC-00085,SAVINGS,SBIN0915573,MEDIUM,1304,3,Sanjay Sharma
ACC-00086,SALARY,CNRB0515922,HIGH,842,2,Sanjay Yadav
ACC-00087,SAVINGS,PUNB0991597,MEDIUM,3329,3,Sanjay Verma
ACC-00088,SAVINGS,CNRB0793655,LOW,2102,20,Arun Sharma
ACC-00089,SALARY,BARB0210665,LOW,1513,20,Ravi Gupta
ACC-00090,SAVINGS,PUNB0745830,MEDIUM,2234,24,Deepa Nair
ACC-00091,SAVINGS,PUNB0437960,MEDIUM,3432,29,Rahul Mishra
ACC-00092,SALARY,ICIC0886931,LOW,2529,21,Nitin Pandey
ACC-00093,SAVINGS,BKID0290672,LOW,1483,25,Suresh Pandey
ACC-00094,SAVINGS,PUNB0682789,LOW,812,2,Kavita Rao
ACC-00095,SAVINGS,ICIC0824156,LOW,2945,15,Ravi Sharma
ACC-00096,SAVINGS,ICIC0524045,MEDIUM,1284,21,Sanjay Dubey
ACC-00097,SAVINGS,BKID0546173,HIGH,2284,10,Geeta Nair
ACC-00098,SAVINGS,PUNB0341736,LOW,818,10,Sunita Kumar
ACC-00099,SAVINGS,BARB0389930,MEDIUM,3143,16,Ritu Tiwari
ACC-00100,LOAN,ICIC0410636,LOW,764,9,Amit Gupta
ACC-00101,SAVINGS,UBIN0680238,LOW,547,20,Deepa Patel
ACC-00102,SALARY,PUNB0592198,LOW,1425,5,Priya Mishra
ACC-00103,SALARY,BARB0219629,MEDIUM,1671,15,Rahul Verma
ACC-00104,SAVINGS,PUNB0189318,HIGH,515,17,Pooja Yadav
ACC-00105,CURRENT,CNRB0572398,HIGH,1247,27,Sanjay Rao
ACC-00106,SAVINGS,UBIN0739244,HIGH,436,30,Rajesh Joshi
ACC-00107,SAVINGS,SBIN0264686,LOW,2290,2,Anita Sharma
ACC-00108,SAVINGS,BARB0405407,LOW,1210,22,Meena Nair
ACC-00109,SAVINGS,ICIC0377405,MEDIUM,2590,18,Shweta Joshi
ACC-00110,SAVINGS,ICIC0779094,LOW,1118,26,Vikram Singh
ACC-00111,SAVINGS,PUNB0723948,MEDIUM,2361,29,Meena Nair
ACC-00112,SAVINGS,PUNB0833723,LOW,1145,16,Neha Mehta
ACC-00113,SAVINGS,UBIN0553014,MEDIUM,2502,8,Amit Singh
ACC-00114,SAVINGS,UBIN0901909,MEDIUM,1133,18,Priya Kumar
ACC-00115,SAVINGS,BARB0391668,LOW,2427,13,Ashok Mehta
ACC-00116,LOAN,BARB0464863,LOW,1345,21,Sunita Kumar
ACC-00117,SAVINGS,BARB0402218,MEDIUM,1670,26,Neha Verma
ACC-00118,SAVINGS,BKID0364659,LOW,3194,12,Manoj Sharma
ACC-00119,CURRENT,BARB0533321,LOW,2153,11,Ritu Mehta
ACC-00120,CURRENT,UBIN0313446,LOW,566,29,Meena Nair
ACC-00121,SALARY,BARB0227324,LOW,2610,19,Kavita Kumar
ACC-00122,SAVINGS,UBIN0679077,LOW,950,26,Sunita Nair
ACC-00123,SALARY,HDFC0622584,HIGH,1225,16,Dinesh Mishra
ACC-00124,SAVINGS,BARB0595158,LOW,2287,4,Nitin Joshi
ACC-00125,SALARY,HDFC0173201,LOW,3265,27,Pooja Pandey
ACC-00126,SALARY,PUNB0960408,LOW,3003,9,Sanjay Mehta
ACC-00127,SALARY,BARB0664742,LOW,1391,17,Neha Chauhan
ACC-00128,SAVINGS,BKID0297816,HIGH,1008,18,Nitin Yadav
ACC-00129,SALARY,CNRB0145767,LOW,1967,22,Nitin Chauhan
ACC-00130,LOAN,HDFC0619389,HIGH,547,16,Sanjay Pandey
ACC-00131,SALARY,BARB0204555,LOW,1901,0,Usha Gupta
ACC-00132,SAVINGS,HDFC0178463,LOW,1115,10,Ritu Chauhan
ACC-00133,CURRENT,BKID0993744,MEDIUM,2215,12,Arun Mehta
ACC-00134,SALARY,UBIN0747453,LOW,2615,21,Meena Yadav
ACC-00135,CURRENT,CNRB0203225,MEDIUM,2913,27,Sunita Nair
ACC-00136,SAVINGS,PUNB0130353,LOW,3291,1,Meena Dubey
ACC-00137,SAVINGS,HDFC0356059,LOW,2348,21,Anita Kumar
ACC-00138,SAVINGS,CNRB0749813,MEDIUM,2068,29,Sanjay Gupta
ACC-00139,SAVINGS,PUNB0581894,LOW,68,28,Ravi Tiwari
ACC-00140,CURRENT,HDFC0177449,LOW,1445,18,Meena Rao
ACC-00141,CURRENT,BARB0986365,LOW,1605,27,Deepa Patel
ACC-00142,SAVINGS,BKID0702733,LOW,2894,9,Amit Chauhan
ACC-00143,SAVINGS,UBIN0735863,MEDIUM,3441,28,Meena Yadav
ACC-00144,CURRENT,BKID0329642,LOW,2573,8,Shweta Gupta
ACC-00145,CURRENT,UBIN0423939,MEDIUM,166,18,Geeta Gupta
ACC-00146,SAVINGS,PUNB0442589,MEDIUM,749,6,Vikram Dubey
ACC-00147,SAVINGS,PUNB0970813,LOW,3407,30,Deepa Tiwari
ACC-00148,CURRENT,BKID0943298,LOW,338,4,Kavita Chauhan
ACC-00149,LOAN,BKID0194689,MEDIUM,87,8,Neha Patel
ACC-00150,SAVINGS,PUNB0712955,LOW,2645,30,Geeta Patel
ACC-00151,CURRENT,BARB0126240,LOW,2329,10,Ritu Yadav
ACC-00152,CURRENT,BARB0835132,LOW,1702,3,Vikram Verma
ACC-00153,SALARY,PUNB0616554,LOW,991,28,Neha Gupta
ACC-00154,SAVINGS,BKID0803055,HIGH,2882,30,Neha Rao
ACC-00155,CURRENT,HDFC0535037,MEDIUM,3444,15,Ritu Rao
ACC-00156,SALARY,PUNB0134305,MEDIUM,919,14,Ravi Yadav
ACC-00157,SALARY,SBIN0818987,LOW,2671,11,Priya Chauhan
ACC-00158,SAVINGS,SBIN0989227,MEDIUM,405,21,Rajesh Sharma
ACC-00159,SAVINGS,BKID0355400,HIGH,3253,18,Rajesh Singh
ACC-00160,SALARY,ICIC0714867,LOW,3592,7,Arun Gupta
ACC-00161,CURRENT,UBIN0390743,MEDIUM,622,4,Neha Mishra
ACC-00162,CURRENT,SBIN0793169,MEDIUM,569,0,Geeta Yadav
ACC-00163,CURRENT,UBIN0282710,LOW,549,23,Pooja Patel
ACC-00164,CURRENT,BARB0570050,MEDIUM,2132,18,Sunita Nair
ACC-00165,SAVINGS,UBIN0862569,MEDIUM,3581,21,Manoj Tiwari
ACC-00166,SAVINGS,UBIN0163780,HIGH,3500,12,Pooja Patel
ACC-00167,SAVINGS,BARB0177060,MEDIUM,1349,19,Vikram Singh
ACC-00168,SAVINGS,BKID0499407,HIGH,2203,9,Ravi Rao
ACC-00169,SAVINGS,SBIN0994217,MEDIUM,3625,24,Neha Joshi
ACC-00170,SAVINGS,ICIC0533914,LOW,1887,12,Pooja Patel
ACC-00171,SAVINGS,BKID0797416,LOW,655,21,Deepa Singh
ACC-00172,SAVINGS,SBIN0197758,LOW,3079,23,Geeta Gupta
ACC-00173,CURRENT,BKID0802559,LOW,1478,27,Shweta Rao
ACC-00174,SALARY,UBIN0401601,LOW,1470,3,Sanjay Joshi
ACC-00175,SAVINGS,BARB0335137,MEDIUM,1464,27,Neha Dubey
ACC-00176,SAVINGS,PUNB0701987,LOW,1787,27,Neha Sharma
ACC-00177,CURRENT,PUNB0130359,LOW,2908,24,Meena Pandey
ACC-00178,SAVINGS,HDFC0250210,LOW,1671,2,Vikram Sharma
ACC-00179,SAVINGS,ICIC0494468,LOW,1426,5,Geeta Tiwari
ACC-00180,CURRENT,SBIN0155164,LOW,3120,19,Priya Singh
ACC-00181,SAVINGS,CNRB0609253,LOW,1726,8,Rajesh Patel
ACC-00182,SAVINGS,SBIN0397005,MEDIUM,2459,15,Manoj Tiwari
ACC-00183,SAVINGS,CNRB0728437,LOW,867,9,Rajesh Gupta
ACC-00184,CURRENT,PUNB0444061,LOW,2067,23,Pooja Kumar
ACC-00185,SAVINGS,ICIC0624563,LOW,2766,25,Geeta Singh
ACC-00186,SAVINGS,UBIN0557409,LOW,348,27,Arun Rao
ACC-00187,CURRENT,CNRB0403578,LOW,115,30,Arun Kumar
ACC-00188,SALARY,BARB0972442,MEDIUM,1512,2,Pooja Patel
ACC-00189,SAVINGS,CNRB0649414,LOW,3595,9,Usha Pandey
ACC-00190,SAVINGS,HDFC0180089,LOW,497,16,Manoj Joshi
ACC-00191,SALARY,BKID0468154,MEDIUM,3384,20,Vikram Yadav
ACC-00192,SAVINGS,PUNB0306854,LOW,656,24,Ashok Singh
ACC-00193,SAVINGS,BARB0586490,MEDIUM,3142,18,Ravi Pandey
ACC-00194,SALARY,BKID0258290,LOW,1950,14,Ashok Tiwari
ACC-00195,CURRENT,UBIN0469038,LOW,1301,14,Ravi Verma
ACC-00196,SAVINGS,PUNB0180458,LOW,3533,2,Ritu Chauhan
ACC-00197,SAVINGS,UBIN0571579,HIGH,2371,20,Rajesh Pandey
ACC-00198,CURRENT,HDFC0164879,LOW,3351,28,Arun Singh
ACC-00199,SAVINGS,HDFC0141043,LOW,1823,14,Manoj Kumar
ACC-00200,SAVINGS,PUNB0506235,LOW,1415,21,Ritu Verma
ACC-00201,CURRENT,BKID0169113,LOW,2315,21,Nitin Tiwari
ACC-00202,SAVINGS,HDFC0449555,LOW,2748,4,Geeta Tiwari
ACC-00203,LOAN,CNRB0235215,LOW,377,9,Neha Chauhan
ACC-00204,CURRENT,BKID0952686,LOW,2908,26,Usha Singh
ACC-00205,CURRENT,CNRB0633188,LOW,1515,9,Anita Joshi
ACC-00206,SAVINGS,BARB0301332,LOW,593,4,Rahul Tiwari
ACC-00207,SALARY,SBIN0632351,MEDIUM,3450,23,Manoj Verma
ACC-00208,CURRENT,HDFC0726258,LOW,694,5,Dinesh Kumar
ACC-00209,CURRENT,UBIN0530816,LOW,2977,7,Ravi Tiwari
ACC-00210,CURRENT,BARB0345369,LOW,1297,30,Deepa Joshi
ACC-00211,SAVINGS,BARB0584106,MEDIUM,3217,12,Manoj Rao
ACC-00212,LOAN,ICIC0940181,LOW,3605,8,Priya Mehta
ACC-00213,SALARY,SBIN0845957,MEDIUM,3516,3,Meena Singh
ACC-00214,CURRENT,PUNB0571145,HIGH,633,26,Pooja Singh
ACC-00215,SALARY,ICIC0956375,LOW,1461,29,Amit Rao
ACC-00216,SAVINGS,BKID0347231,LOW,364,11,Kavita Sharma
ACC-00217,SAVINGS,SBIN0979940,MEDIUM,1403,25,Vikram Gupta
ACC-00218,SAVINGS,BARB0829884,MEDIUM,3138,22,Deepa Nair
ACC-00219,CURRENT,SBIN0119927,LOW,3450,4,Neha Rao
ACC-00220,SAVINGS,PUNB0349183,LOW,225,7,Pooja Nair
ACC-00221,SAVINGS,BARB0725726,LOW,2618,16,Sanjay Yadav
ACC-00222,CURRENT,PUNB0550089,LOW,1475,7,Sanjay Rao
ACC-00223,SAVINGS,SBIN0648913,HIGH,307,30,Manoj Sharma
ACC-00224,SAVINGS,BARB0145649,LOW,1559,8,Usha Sharma
ACC-00225,SAVINGS,SBIN0461551,LOW,2721,20,Sunita Pandey
ACC-00226,SAVINGS,BKID0672536,LOW,2662,5,Shweta Nair
ACC-00227,LOAN,BARB0762423,LOW,582,2,Dinesh Nair
ACC-00228,SAVINGS,ICIC0145934,MEDIUM,201,10,Meena Chauhan
ACC-00229,LOAN,BARB0365618,LOW,2679,6,Meena Dubey
ACC-00230,SALARY,UBIN0787584,LOW,539,25,Geeta Rao
ACC-00231,SALARY,BARB0505426,LOW,795,15,Dinesh Mehta
ACC-00232,SAVINGS,PUNB0940064,LOW,1768,2,Pooja Kumar
ACC-00233,SAVINGS,BKID0207581,LOW,2737,9,Meena Nair
ACC-00234,CURRENT,CNRB0274739,MEDIUM,1469,14,Priya Dubey
ACC-00235,CURRENT,CNRB0387892,LOW,3271,30,Priya Singh
ACC-00236,CURRENT,CNRB0480959,LOW,3101,21,Anita Sharma
ACC-00237,SAVINGS,BARB0136489,LOW,996,24,Ashok Dubey
ACC-00238,SAVINGS,UBIN0734487,LOW,1872,30,Geeta Dubey
ACC-00239,SAVINGS,SBIN0701800,LOW,1533,12,Arun Mishra
ACC-00240,SAVINGS,SBIN0127172,MEDIUM,2074,16,Nitin Patel
ACC-00241,SAVINGS,PUNB0838237,LOW,2536,9,Dinesh Mehta
ACC-00242,SAVINGS,HDFC0994253,LOW,737,28,Dinesh Nair
ACC-00243,LOAN,BKID0800280,LOW,295,17,Neha Tiwari
ACC-00244,SALARY,HDFC0846385,MEDIUM,2898,20,Anita Dubey
ACC-00245,SAVINGS,SBIN0310743,MEDIUM,999,25,Deepa Sharma
ACC-00246,SAVINGS,BKID0590110,MEDIUM,2289,4,Ritu Singh
ACC-00247,SAVINGS,CNRB0851759,MEDIUM,2183,13,Pooja Singh
ACC-00248,SAVINGS,BKID0773540,LOW,1938,21,Manoj Dubey
ACC-00249,SAVINGS,HDFC0905077,HIGH,1802,16,Priya Patel
ACC-00250,SAVINGS,PUNB0272655,LOW,2935,7,Geeta Tiwari
ACC-00251,SALARY,PUNB0305837,LOW,2286,8,Vikram Tiwari
ACC-00252,CURRENT,SBIN0626986,LOW,2454,30,Sanjay Gupta
ACC-00253,SAVINGS,BKID0983456,HIGH,198,26,Amit Singh
ACC-00254,SAVINGS,PUNB0782759,LOW,2373,13,Ritu Sharma
ACC-00255,SAVINGS,PUNB0773088,HIGH,2008,7,Shweta Chauhan
ACC-00256,SAVINGS,SBIN0822063,LOW,1830,13,Deepa Nair
ACC-00257,SAVINGS,HDFC0427766,MEDIUM,1337,23,Geeta Chauhan
ACC-00258,SAVINGS,BKID0639995,LOW,1337,7,Ravi Patel
ACC-00259,SAVINGS,ICIC0247720,LOW,1218,30,Nitin Rao
ACC-00260,SAVINGS,HDFC0952993,LOW,2396,23,Arun Joshi
ACC-00261,CURRENT,BARB0639728,LOW,3630,9,Deepa Sharma
ACC-00262,SAVINGS,CNRB0629996,LOW,1016,6,Sanjay Dubey
ACC-00263,SAVINGS,PUNB0618934,LOW,3482,20,Shweta Mehta
ACC-00264,SAVINGS,UBIN0988324,LOW,578,28,Suresh Dubey
ACC-00265,CURRENT,BKID0147440,LOW,2365,17,Rajesh Dubey
ACC-00266,CURRENT,SBIN0505116,LOW,3160,17,Suresh Patel
ACC-00267,SAVINGS,SBIN0513037,LOW,1418,17,Geeta Gupta
ACC-00268,SAVINGS,CNRB0624369,LOW,189,4,Dinesh Pandey
ACC-00269,SALARY,BARB0256175,LOW,2141,4,Arun Pandey
ACC-00270,SAVINGS,PUNB0722565,LOW,3422,16,Neha Mehta
ACC-00271,CURRENT,PUNB0597960,MEDIUM,1538,10,Shweta Patel
ACC-00272,LOAN,PUNB0935457,MEDIUM,3602,22,Ashok Sharma
ACC-00273,CURRENT,PUNB0787436,MEDIUM,3209,18,Sanjay Yadav
ACC-00274,CURRENT,BARB0278794,LOW,2983,19,Nitin Gupta
ACC-00275,SALARY,ICIC0133104,LOW,2899,3,Rajesh Sharma
ACC-00276,SAVINGS,CNRB0258787,LOW,865,13,Manoj Mehta
ACC-00277,SALARY,UBIN0840058,LOW,879,17,Arun Mehta
ACC-00278,SAVINGS,BKID0281594,LOW,2213,10,Neha Dubey
ACC-00279,CURRENT,PUNB0739711,LOW,1039,8,Neha Tiwari
ACC-00280,SAVINGS,PUNB0908634,LOW,879,22,Dinesh Mehta
ACC-00281,SAVINGS,BKID0687713,HIGH,3287,23,Suresh Tiwari
ACC-00282,SAVINGS,CNRB0513697,MEDIUM,3196,25,Vikram Tiwari
ACC-00283,SAVINGS,SBIN0463188,HIGH,2716,8,Usha Mehta
ACC-00284,SAVINGS,PUNB0689318,MEDIUM,592,3,Ritu Yadav
ACC-00285,SAVINGS,ICIC0768933,LOW,440,13,Arun Mehta
ACC-00286,SAVINGS,HDFC0105433,HIGH,676,13,Ashok Mehta
ACC-00287,SAVINGS,ICIC0892630,HIGH,1345,9,Ashok Verma
ACC-00288,SALARY,SBIN0783984,LOW,2221,23,Usha Verma
ACC-00289,SALARY,HDFC0538184,MEDIUM,750,29,Priya Chauhan
ACC-00290,CURRENT,HDFC0885386,HIGH,1215,28,Priya Sharma
ACC-00291,SAVINGS,SBIN0451317,LOW,2656,17,Manoj Mehta
ACC-00292,SALARY,HDFC0992400,LOW,1147,6,Sunita Pandey
ACC-00293,SAVINGS,BARB0779776,LOW,792,0,Usha Pandey
ACC-00294,CURRENT,ICIC0284019,LOW,2646,28,Nitin Rao
ACC-00295,SAVINGS,SBIN0520304,MEDIUM,786,4,Deepa Pandey
ACC-00296,SALARY,UBIN0373453,LOW,1859,24,Suresh Pandey
ACC-00297,SAVINGS,UBIN0374258,MEDIUM,2867,7,Priya Patel
ACC-00298,SAVINGS,HDFC0525110,MEDIUM,2911,24,Meena Patel
ACC-00299,CURRENT,PUNB0485397,LOW,927,30,Vikram Mehta
ACC-00300,SAVINGS,BKID0536045,MEDIUM,1958,24,Neha Joshi
ACC-00301,CURRENT,SBIN0651033,LOW,2912,11,Rahul Patel
ACC-00302,SAVINGS,ICIC0700521,LOW,703,10,Manoj Nair
ACC-00303,SAVINGS,ICIC0851742,LOW,402,28,Manoj Nair
ACC-00304,SALARY,BARB0238353,LOW,1901,18,Priya Nair
ACC-00305,CURRENT,PUNB0858414,LOW,1072,26,Amit Joshi
ACC-00306,CURRENT,UBIN0544278,LOW,291,17,Priya Singh
ACC-00307,LOAN,BARB0133276,LOW,767,24,Vikram Rao
ACC-00308,SAVINGS,CNRB0570325,MEDIUM,1576,12,Rahul Gupta
ACC-00309,CURRENT,BKID0224395,LOW,2230,12,Manoj Gupta
ACC-00310,CURRENT,ICIC0975373,LOW,123,9,Ravi Rao
ACC-00311,SAVINGS,ICIC0359535,LOW,665,8,Rajesh Patel
ACC-00312,SAVINGS,CNRB0744793,MEDIUM,3649,28,Amit Yadav
ACC-00313,SAVINGS,SBIN0722795,LOW,2478,21,Dinesh Verma
ACC-00314,SAVINGS,UBIN0521805,LOW,2240,6,Priya Gupta
ACC-00315,SAVINGS,PUNB0345536,MEDIUM,3026,18,Arun Pandey
ACC-00316,SAVINGS,HDFC0792282,LOW,1723,9,Suresh Verma
ACC-00317,CURRENT,HDFC0756401,MEDIUM,2306,15,Priya Dubey
ACC-00318,SALARY,CNRB0923975,LOW,2882,13,Pooja Gupta
ACC-00319,SAVINGS,HDFC0891062,LOW,1017,27,Kavita Tiwari
ACC-00320,SALARY,HDFC0944917,LOW,266,17,Pooja Rao
ACC-00321,CURRENT,HDFC0507286,LOW,862,10,Ashok Singh
ACC-00322,SALARY,BKID0196955,LOW,3427,6,Priya Mishra
ACC-00323,SAVINGS,UBIN0176319,LOW,3149,18,Usha Joshi
ACC-00324,SAVINGS,BKID0417915,HIGH,92,6,Rajesh Patel
ACC-00325,CURRENT,BARB0354377,MEDIUM,2912,6,Nitin Yadav
ACC-00326,CURRENT,PUNB0499152,LOW,2687,11,Meena Mishra
ACC-00327,SAVINGS,BARB0588640,LOW,2989,15,Arun Joshi
ACC-00328,SAVINGS,CNRB0147936,LOW,936,23,Vikram Sharma
ACC-00329,SAVINGS,CNRB0409531,LOW,1381,7,Nitin Yadav
ACC-00330,SAVINGS,BKID0369826,MEDIUM,2031,30,Usha Mehta
ACC-00331,SAVINGS,BKID0277487,LOW,2268,15,Anita Verma
ACC-00332,SAVINGS,SBIN0957730,MEDIUM,3160,0,Pooja Gupta
ACC-00333,SALARY,ICIC0171269,MEDIUM,67,6,Manoj Nair
ACC-00334,SAVINGS,BARB0791309,LOW,57,17,Neha Rao
ACC-00335,SAVINGS,PUNB0661762,HIGH,100,16,Dinesh Rao
ACC-00336,SALARY,HDFC0212214,HIGH,2177,4,Kavita Joshi
ACC-00337,CURRENT,PUNB0954814,LOW,3286,12,Rahul Dubey
ACC-00338,LOAN,BARB0692447,LOW,2885,7,Meena Singh
ACC-00339,CURRENT,UBIN0198042,LOW,1574,17,Deepa Verma
ACC-00340,CURRENT,HDFC0186702,LOW,1807,20,Arun Patel
ACC-00341,SALARY,UBIN0340927,LOW,3585,22,Sanjay Mehta
ACC-00342,SAVINGS,SBIN0817675,HIGH,2254,18,Shweta Verma
ACC-00343,SAVINGS,BKID0116418,HIGH,2434,4,Dinesh Chauhan
ACC-00344,SALARY,PUNB0270341,LOW,2351,26,Nitin Pandey
ACC-00345,SAVINGS,HDFC0928897,HIGH,2996,2,Manoj Dubey
ACC-00346,SAVINGS,CNRB0343420,MEDIUM,1425,19,Ritu Chauhan
ACC-00347,LOAN,BKID0131064,LOW,3239,14,Deepa Yadav
ACC-00348,SAVINGS,CNRB0552825,LOW,2429,21,Nitin Singh
ACC-00349,CURRENT,PUNB0936821,LOW,331,2,Suresh Gupta
ACC-00350,SAVINGS,HDFC0875584,LOW,1507,3,Rahul Sharma
ACC-00351,SALARY,BARB0477400,MEDIUM,448,4,Rahul Kumar
ACC-00352,SAVINGS,CNRB0208310,LOW,1479,17,Rahul Pandey
ACC-00353,SALARY,UBIN0406024,LOW,3221,2,Usha Yadav
ACC-00354,CURRENT,HDFC0818605,LOW,598,8,Meena Mishra
ACC-00355,SAVINGS,SBIN0275329,LOW,1754,9,Deepa Singh
ACC-00356,SAVINGS,ICIC0855917,LOW,2462,19,Rajesh Nair
ACC-00357,SAVINGS,PUNB0107096,HIGH,1390,26,Ritu Chauhan
ACC-00358,SALARY,BKID0561607,LOW,3370,26,Ashok Gupta
ACC-00359,SAVINGS,ICIC0602278,LOW,1661,30,Arun Tiwari
ACC-00360,CURRENT,BARB0703853,MEDIUM,1364,12,Suresh Chauhan
ACC-00361,SAVINGS,ICIC0720995,HIGH,766,21,Neha Sharma
ACC-00362,LOAN,BARB0842776,LOW,3297,9,Dinesh Singh
ACC-00363,SALARY,CNRB0805668,LOW,2624,9,Kavita Mishra
ACC-00364,CURRENT,CNRB0927406,LOW,1869,19,Deepa Chauhan
ACC-00365,SAVINGS,CNRB0670053,LOW,1502,22,Neha Singh
ACC-00366,SAVINGS,ICIC0789545,MEDIUM,711,20,Ritu Verma
ACC-00367,CURRENT,CNRB0889245,LOW,3291,13,Sunita Sharma
ACC-00368,SAVINGS,ICIC0635482,MEDIUM,2315,18,Dinesh Yadav
ACC-00369,SAVINGS,CNRB0585556,MEDIUM,2440,22,Manoj Gupta
ACC-00370,SAVINGS,UBIN0606222,LOW,1733,29,Rahul Patel
ACC-00371,SALARY,HDFC0465249,LOW,1895,25,Rajesh Mehta
ACC-00372,SAVINGS,SBIN0559450,MEDIUM,1883,10,Rahul Tiwari
ACC-00373,SAVINGS,SBIN0123682,MEDIUM,2684,3,Shweta Kumar
ACC-00374,SALARY,ICIC0641058,LOW,685,10,Neha Rao
ACC-00375,LOAN,ICIC0936507,LOW,785,5,Ashok Rao
ACC-00376,SAVINGS,ICIC0571413,LOW,1622,0,Dinesh Joshi
ACC-00377,SAVINGS,SBIN0705393,LOW,3601,17,Anita Dubey
ACC-00378,SAVINGS,BARB0219490,LOW,3563,15,Manoj Pandey
ACC-00379,CURRENT,CNRB0715519,LOW,1471,27,Ravi Kumar
ACC-00380,SALARY,PUNB0744333,LOW,2782,4,Arun Patel
ACC-00381,SAVINGS,SBIN0291936,LOW,609,16,Nitin Rao
ACC-00382,CURRENT,CNRB0543588,LOW,2633,17,Dinesh Kumar
ACC-00383,CURRENT,BARB0402865,LOW,1318,26,Ravi Verma
ACC-00384,SALARY,UBIN0608149,LOW,3369,12,Neha Mehta
ACC-00385,SAVINGS,BARB0535820,MEDIUM,1848,15,Anita Singh
ACC-00386,CURRENT,ICIC0406278,LOW,950,17,Meena Kumar
ACC-00387,CURRENT,BARB0676429,LOW,2375,3,Suresh Dubey
ACC-00388,SAVINGS,UBIN0896922,MEDIUM,2267,6,Pooja Patel
ACC-00389,CURRENT,ICIC0412170,MEDIUM,162,14,Suresh Dubey
ACC-00390,SALARY,SBIN0560398,MEDIUM,510,24,Kavita Joshi
ACC-00391,SALARY,BKID0845279,LOW,1783,5,Ritu Gupta
ACC-00392,CURRENT,ICIC0944565,LOW,1466,17,Suresh Kumar
ACC-00393,SAVINGS,PUNB0403387,LOW,3544,16,Shweta Patel
ACC-00394,SAVINGS,CNRB0162165,HIGH,3581,20,Vikram Gupta
ACC-00395,SAVINGS,BKID0968726,LOW,3485,21,Nitin Mehta
ACC-00396,SAVINGS,PUNB0758309,LOW,1881,2,Ashok Singh
ACC-00397,SAVINGS,PUNB0828449,HIGH,1541,14,Deepa Pandey
ACC-00398,CURRENT,SBIN0866437,HIGH,2630,21,Dinesh Dubey
ACC-00399,SALARY,CNRB0328411,HIGH,3408,6,Deepa Mishra
ACC-00400,SAVINGS,PUNB0454161,LOW,564,18,Deepa Pandey
ACC-00401,SALARY,UBIN0148174,LOW,3240,26,Ravi Sharma
ACC-00402,SAVINGS,HDFC0562721,LOW,1782,6,Dinesh Gupta
ACC-00403,SALARY,PUNB0266699,MEDIUM,3620,8,Rahul Dubey
ACC-00404,SAVINGS,BKID0796787,HIGH,707,1,Nitin Tiwari
ACC-00405,CURRENT,ICIC0550081,MEDIUM,2912,3,Amit Joshi
ACC-00406,SAVINGS,HDFC0722518,LOW,2815,14,Amit Sharma
ACC-00407,CURRENT,SBIN0542828,MEDIUM,1986,2,Kavita Chauhan
ACC-00408,SAVINGS,SBIN0208214,LOW,3638,9,Vikram Chauhan
ACC-00409,CURRENT,HDFC0772741,HIGH,615,2,Manoj Sharma
ACC-00410,CURRENT,HDFC0561477,LOW,902,20,Usha Gupta
ACC-00411,SALARY,BARB0327797,LOW,441,4,Sunita Chauhan
ACC-00412,SAVINGS,CNRB0429780,MEDIUM,1044,8,Ashok Singh
ACC-00413,SAVINGS,PUNB0916808,HIGH,139,27,Shweta Tiwari
ACC-00414,SAVINGS,ICIC0884170,LOW,2676,1,Kavita Mehta
ACC-00415,SAVINGS,ICIC0623850,LOW,320,16,Amit Dubey
ACC-00416,SALARY,HDFC0505629,MEDIUM,2358,13,Geeta Kumar
ACC-00417,CURRENT,SBIN0117500,LOW,86,8,Rajesh Verma
ACC-00418,SALARY,CNRB0631219,LOW,2948,16,Pooja Rao
ACC-00419,CURRENT,SBIN0771652,LOW,2553,4,Suresh Singh
ACC-00420,SAVINGS,ICIC0947312,LOW,1368,12,Sanjay Singh
ACC-00421,SAVINGS,CNRB0865416,HIGH,1007,1,Kavita Singh
ACC-00422,SALARY,SBIN0575394,LOW,255,9,Shweta Kumar
ACC-00423,SAVINGS,HDFC0835575,LOW,2063,30,Geeta Mishra
ACC-00424,SAVINGS,HDFC0886197,MEDIUM,1130,23,Sunita Sharma
ACC-00425,SAVINGS,CNRB0385192,LOW,1107,22,Sanjay Singh
ACC-00426,SAVINGS,BKID0158132,LOW,2351,5,Geeta Kumar
ACC-00427,SAVINGS,SBIN0701790,MEDIUM,502,7,Usha Sharma
ACC-00428,SAVINGS,UBIN0356430,LOW,1520,12,Vikram Kumar
ACC-00429,SALARY,UBIN0679720,MEDIUM,2954,23,Ashok Rao
ACC-00430,SAVINGS,ICIC0536476,HIGH,1340,8,Rahul Dubey
ACC-00431,SAVINGS,UBIN0288056,LOW,2142,1,Nitin Singh
ACC-00432,SALARY,PUNB0911102,MEDIUM,1370,2,Neha Nair
ACC-00433,SAVINGS,ICIC0405759,LOW,1274,23,Ritu Yadav
ACC-00434,SAVINGS,BARB0910143,MEDIUM,3030,28,Neha Yadav
ACC-00435,SAVINGS,CNRB0125071,LOW,1448,20,Dinesh Sharma
ACC-00436,LOAN,UBIN0895794,MEDIUM,3507,23,Usha Tiwari
ACC-00437,SAVINGS,ICIC0540208,LOW,275,4,Dinesh Mishra
ACC-00438,SAVINGS,ICIC0986575,LOW,2900,28,Geeta Nair
ACC-00439,LOAN,SBIN0708982,LOW,576,20,Nitin Singh
ACC-00440,CURRENT,UBIN0556112,MEDIUM,565,7,Meena Mishra
ACC-00441,SALARY,CNRB0834764,MEDIUM,1366,10,Ravi Mishra
ACC-00442,SAVINGS,ICIC0242723,MEDIUM,2424,3,Vikram Patel
ACC-00443,SAVINGS,BARB0429287,LOW,2225,11,Rajesh Nair
ACC-00444,SAVINGS,PUNB0993892,LOW,675,25,Shweta Tiwari
ACC-00445,SALARY,UBIN0325465,MEDIUM,1372,4,Rahul Yadav
ACC-00446,LOAN,CNRB0638401,LOW,1254,8,Anita Sharma
ACC-00447,LOAN,BARB0682959,MEDIUM,1053,3,Ravi Patel
ACC-00448,SALARY,HDFC0227352,LOW,3431,24,Kavita Gupta
ACC-00449,SAVINGS,CNRB0490321,MEDIUM,2670,2,Sanjay Mishra
ACC-00450,SALARY,SBIN0122859,HIGH,839,28,Ashok Nair
ACC-00451,SALARY,SBIN0988432,MEDIUM,1388,3,Priya Nair
ACC-00452,SAVINGS,CNRB0961599,MEDIUM,2062,0,Nitin Rao
ACC-00453,SAVINGS,ICIC0296242,LOW,1856,28,Vikram Verma
ACC-00454,CURRENT,ICIC0778720,LOW,1717,28,Neha Mehta
ACC-00455,SAVINGS,PUNB0501620,LOW,846,20,Manoj Yadav
ACC-00456,CURRENT,UBIN0501078,MEDIUM,1500,15,Neha Mehta
ACC-00457,SAVINGS,BKID0507247,LOW,136,10,Ritu Yadav
ACC-00458,SAVINGS,PUNB0161437,MEDIUM,1962,16,Geeta Yadav
ACC-00459,LOAN,SBIN0359896,MEDIUM,1121,17,Usha Verma
ACC-00460,CURRENT,ICIC0703656,MEDIUM,3296,12,Geeta Kumar
ACC-00461,SAVINGS,BKID0945372,MEDIUM,1499,29,Sanjay Sharma
ACC-00462,CURRENT,BKID0695225,LOW,2336,30,Rajesh Mehta
ACC-00463,SAVINGS,HDFC0614259,LOW,260,7,Ritu Yadav
ACC-00464,SAVINGS,BARB0100716,LOW,2545,6,Vikram Pandey
ACC-00465,CURRENT,BKID0162448,LOW,2432,22,Vikram Patel
ACC-00466,SALARY,BKID0176054,LOW,2742,12,Sanjay Patel
ACC-00467,SAVINGS,BKID0243079,HIGH,3029,30,Pooja Mehta
ACC-00468,CURRENT,HDFC0841535,HIGH,2870,28,Ritu Dubey
ACC-00469,SAVINGS,HDFC0496764,LOW,2850,9,Vikram Kumar
ACC-00470,CURRENT,CNRB0992083,HIGH,2354,1,Anita Pandey
ACC-00471,SALARY,ICIC0770718,LOW,2062,4,Arun Singh
ACC-00472,SAVINGS,BKID0276042,LOW,393,26,Dinesh Pandey
ACC-00473,SAVINGS,PUNB0319869,LOW,307,11,Suresh Patel
ACC-00474,CURRENT,UBIN0504684,LOW,1748,5,Pooja Mehta
ACC-00475,SALARY,BKID0672547,LOW,3424,15,Sanjay Yadav
ACC-00476,SAVINGS,SBIN0938016,MEDIUM,1237,0,Arun Mishra
ACC-00477,LOAN,SBIN0458411,LOW,1567,5,Usha Singh
ACC-00478,SAVINGS,SBIN0454366,LOW,2543,28,Deepa Sharma
ACC-00479,SAVINGS,HDFC0736818,MEDIUM,673,1,Sunita Pandey
ACC-00480,SAVINGS,ICIC0529161,MEDIUM,2987,29,Usha Mishra
ACC-00481,CURRENT,PUNB0349087,LOW,1639,18,Neha Mehta
ACC-00482,SAVINGS,BKID0104000,LOW,1236,26,Shweta Mehta
ACC-00483,SAVINGS,UBIN0317005,LOW,1225,2,Deepa Patel
ACC-00484,SAVINGS,CNRB0593821,LOW,2737,8,Rahul Chauhan
ACC-00485,SAVINGS,CNRB0487345,LOW,212,8,Ravi Nair
ACC-00486,SAVINGS,PUNB0691655,LOW,3111,22,Shweta Patel
ACC-00487,SAVINGS,BKID0947438,LOW,3128,18,Kavita Verma
ACC-00488,SALARY,CNRB0661527,MEDIUM,1974,18,Kavita Mehta
ACC-00489,SAVINGS,CNRB0995420,MEDIUM,2086,18,Manoj Gupta
ACC-00490,SAVINGS,BARB0281276,HIGH,714,6,Rajesh Gupta
ACC-00491,SAVINGS,SBIN0816308,LOW,3399,20,Vikram Mishra
ACC-00492,SAVINGS,SBIN0191254,LOW,1657,17,Arun Mishra
ACC-00493,SAVINGS,UBIN0924758,MEDIUM,2436,16,Pooja Patel
ACC-00494,SAVINGS,HDFC0694116,LOW,3136,30,Sunita Patel
ACC-00495,CURRENT,SBIN0923914,LOW,2223,28,Geeta Rao
ACC-00496,SAVINGS,BARB0699809,LOW,183,5,Suresh Chauhan
ACC-00497,SAVINGS,CNRB0140666,LOW,3630,10,Dinesh Yadav
ACC-00498,SAVINGS,BARB0381631,MEDIUM,112,10,Meena Tiwari
ACC-00499,SAVINGS,BARB0999924,MEDIUM,432,27,Kavita Gupta
RING-CF-00,CURRENT,BARB0546597,HIGH,529,5,Ritu Mishra
RING-CF-01,CURRENT,UBIN0314498,HIGH,213,5,Neha Sharma
RING-CF-02,CURRENT,ICIC0803647,HIGH,295,5,Ritu Chauhan
RING-CF-03,SAVINGS,BARB0366570,HIGH,537,5,Nitin Rao
RING-CF-04,SAVINGS,SBIN0470392,HIGH,689,5,Rahul Yadav
RING-LY-00,SAVINGS,SBIN0933726,HIGH,209,5,Priya Nair
RING-LY-01,CURRENT,BARB0230362,HIGH,348,5,Priya Sharma
RING-LY-02,CURRENT,ICIC0670297,HIGH,655,5,Rahul Mishra
RING-LY-03,SAVINGS,BKID0361400,HIGH,157,5,Arun Kumar
RING-LY-04,SAVINGS,PUNB0740216,HIGH,713,5,Manoj Verma
RING-LY-05,CURRENT,BARB0514187,HIGH,710,5,Manoj Mehta
RING-ST-00,SAVINGS,SBIN0308314,MEDIUM,564,10,Sanjay Nair
RING-ST-01,CURRENT,CNRB0732277,LOW,659,3,Usha Tiwari
RING-ST-02,CURRENT,CNRB0204413,LOW,242,3,Rajesh Mehta
RING-ST-03,SAVINGS,BARB0603203,LOW,674,9,Suresh Yadav
RING-MU-00,CURRENT,HDFC0321181,HIGH,617,5,Shweta Tiwari
RING-MU-01,SAVINGS,BARB0946214,HIGH,105,5,Rahul Mishra
RING-MU-02,SAVINGS,CNRB0989319,HIGH,232,5,Amit Joshi
RING-MU-03,CURRENT,UBIN0640615,HIGH,561,5,Neha Kumar
RING-MU-04,SAVINGS,SBIN0530694,HIGH,146,5,Anita Sharma
RING-MU-05,CURRENT,SBIN0990890,HIGH,648,5,Rahul Yadav
RING-MU-06,CURRENT,BARB0253727,HIGH,204,5,Rahul Nair
RING-MU-07,SAVINGS,PUNB0793618,HIGH,610,5,Amit Singh
RING-MU-08,CURRENT,PUNB0418886,HIGH,637,5,Vikram Kumar
RING-MU-09,SAVINGS,BARB0473346,HIGH,624,5,Manoj Yadav
RING-MU-10,CURRENT,BKID0558927,HIGH,101,5,Neha Kumar
RING-MU-11,SAVINGS,UBIN0372106,HIGH,643,5,Priya Rao
RING-MU-12,CURRENT,BKID0596265,HIGH,185,5,Anita Joshi
RING-MU-13,CURRENT,SBIN0414106,HIGH,699,5,Nitin Singh
RING-MU-14,SAVINGS,HDFC0635715,HIGH,601,5,Shweta Mishra
RING-MU-15,SAVINGS,CNRB0686876,HIGH,606,5,Vikram Nair
RING-MU-16,CURRENT,BARB0796866,HIGH,141,5,Suresh Verma
RING-MU-17,CURRENT,ICIC0848035,HIGH,210,5,Suresh Singh
RING-MU-18,CURRENT,SBIN0471835,HIGH,527,5,Priya Mehta
RING-MU-19,SAVINGS,HDFC0611187,HIGH,380,5,Shweta Yadav
RING-MU-20,CURRENT,CNRB0471240,HIGH,199,5,Ravi Chauhan
RING-DB-00,SAVINGS,SBIN0193513,MEDIUM,1200,95,Meena Singh
RING-DB-01,SAVINGS,SBIN0714987,LOW,344,0,Geeta Kumar
RING-DB-02,SAVINGS,CNRB0213204,LOW,328,0,Rajesh Mehta
RING-DB-03,CURRENT,UBIN0458328,LOW,281,0,Kavita Verma
RING-DB-04,CURRENT,BKID0683316,LOW,613,0,Sunita Chauhan
RING-DB-05,CURRENT,UBIN0273616,LOW,458,0,Suresh Tiwari
